{
    "accuracy": 0.688,
    "precision": 0.7560975609756098,
    "recall": 0.5166666666666667,
    "auc": 0.7599999999999999
}